,screen_names
0,TwitekOffi
1,_dellelicious
2,GaspardRousseau
3,gbs4444
4,FleurAvr
5,Arifaans
6,aloiisk
7,lamascotte1
8,claude_godin
9,claude_godin
10,ebcct3
11,winchftjosh
12,thenastycam
13,man14_14
14,PMortagne
15,osnapitzharold
16,o69_steve
17,benjiji33
18,Roldah13
19,winchftjosh
20,Soeur_Malgosia
21,MMixem
22,lane_lha
23,Tjamat_
24,elmagnificagirl
25,winchftjosh
26,SwissLittleGirl
27,lolishbrone
28,winchftjosh
29,SoftnBeamy
30,petits_carnets
31,nico_hmr
32,stefmoisson
33,blessgodbieber
34,NewsBKFrance
35,GregBaracat
36,RomainBurrel
37,Love_Ari_23
38,FranceaMontreal
39,louabl
40,Bouchetavocat
41,louabl
42,karakryptn
43,louabl
44,louabl
45,louabl
46,louabl
47,louabl
48,louabl
49,louabl
50,louabl
51,winchftjosh
52,louabl
53,louabl
54,louabl
55,louabl
56,louabl
57,louabl
58,louabl
59,louabl
60,louabl
61,B_Soulard
62,louabl
63,AnatoleGasnot
64,winchftjosh
65,tbydua
66,louabl
67,chlotsk
68,louabl
69,louabl
70,math_srcz
71,Sid_focus
72,ParisWalkWays
73,AlexBar_4
74,Vinkencule
75,Quentin__79
76,valentin732
77,LuisCampos_ST
78,Ezequiellement
79,florian_billiot
80,julian_att
81,Kaara75
82,rosirivera26
83,theoblck
84,Maxime081
85,Batsuscream
86,Mickael_DV
87,tetunicois
88,CorentinBicram
89,BadParadiseHere
90,emmadarras
91,sandrinewyork
92,achatgroupe
93,Drek_BG18
94,lacafekir43
95,aurelS85
96,alexbravais
97,Cougar_JESSICA
98,srg4_
99,Igura7
100,alchamolac1
101,winchftjosh
102,rip2myissues
103,Gio93IV
104,djouadi_t
105,paul_dehedin
106,Chambssy
107,anthodu69250
108,victorchrls
109,Dubois7N
110,sarahbldj
111,sandrinewyork
112,_kxvin__
113,HoraceAngel
114,TheoLeLyonnais
115,3456_ID_3596
116,julienmartinez
117,pheeldoulap
118,celiageorgeon
119,alkanzsalat
120,winchftjosh
121,SmallHawkeye
122,Oskar__19
123,ChinoisSournois
124,LetyBouedec
125,tetunicois
126,veryhamdullah
127,pauloooo7
128,petitecarrotte
129,leprogreslyon
130,Mehdi_du_72
131,casier_l
132,fluffyqueer2
133,GellenoncourtA
134,Makavelive
135,ChFana
136,SpeedyBlack87
137,riverphoenix_93
138,boccadileone49
139,alexiahfod
140,manobaffie
141,nbjlt
142,_emelinee5
143,BARNOLETHIERRY
144,FekirNabilon69
145,rodenmoonlight
146,VoisinesSolo
147,leprogreslyon
148,enzoramos4_
149,LaurineCoutenay
150,nwitha94
151,crapiz_
152,JoueurYoutube
153,pelfort_deux
154,Samir_You93
155,winchftjosh
156,Anteverce
157,RphLsz
158,NiinoAulnay
159,ToXiiKzZ59
160,hugolisandro69
161,007CommeMon69
162,35Vince
163,toutiOuistiti
164,ElVareno
165,dep_yoann
166,victorchrls
167,Aurelihihi
168,IdrisSixNeuf
169,bcnines
170,AR_Zanpakto10
171,tiffanyb69
172,Sremoh_
173,rjgarcier
174,Melianaa9
175,ClementDtrl
176,VincentGuilbert
177,useb1976
178,LioPetro78
179,camillepchn
180,FootLyon_com
181,copea_
182,iamrpy_
183,ZazaCityBlue
184,WARRIORIIArWe
185,Merivan_91
186,calindauphin
187,winchftjosh
188,DayGautier
189,Rouqui2
190,TonJusticier
191,call_me_laana
192,DayGautier
193,ColinAmandine
194,EquipeLyonnais
195,FlorianRodri
196,kaizo118
197,dackqal
198,Drek_BG18
199,Johnkenzo1
200,leotescher
201,ArdrB
202,helene_89000
203,epiceriemoderne
204,LESKY07_BBG
205,Denis_Sestier
206,fanzoneOL
207,Lucas_Dmas
208,EleniFerlet
209,fekiiiir
210,jules_chps
211,winchftjosh
212,Blip_Bloup
213,winchftjosh
214,SierraNevada32
215,winchftjosh
216,Lmick59
217,HugoAndrx
218,LeEvariste
219,chuspitoo
220,EtienneWST
